"Activity","Votes","Group"
"Predator/prey simulation and make a Galapagos Ecosystem",5,"3-5"
"Make Your Own Compass",2,"3-5"
"Making Topographic Maps and Make Your Own Map",1,"3-5"
"Brain Hats",4,"3-5"
"Neurons in a Bottle",1,"3-5"
"Build Your Own Insect/Pasta Insect Life Cycle",5,"3-5"
"Candy DNA",6,"3-5"
"Make an Animal Cell",1,"3-5"
"Practice Placing Motion Capture Markers",2,"3-5"
"Make a Muscle",1,"3-5"
"Predator/prey simulation and make a Galapagos Ecosystem",1,"K-2"
"Make Your Own Compass",0,"K-2"
"Making Topographic Maps and Make Your Own Map",3,"K-2"
"Brain Hats",2,"K-2"
"Neurons in a Bottle",2,"K-2"
"Build Your Own Insect/Pasta Insect Life Cycle",1,"K-2"
"Candy DNA",2,"K-2"
"Make an Animal Cell",0,"K-2"
"Practice Placing Motion Capture Markers",0,"K-2"
"Make a Muscle",0,"K-2"
